id;fullName;sex;address;phone;email;user_id
1;John Smith;Female;;0263726368;JohnSmith@gmail.com;null
2;Emily Johnson;Male;;0263726369;EmilyJohnson@gmail.com;null
3;Michael Williams;Male;;0263726370;MichaelWilliams@gmail.com;null
4;Sarah Brown;Female;;0263726371;SarahBrown@gmail.com;null
5;David Jones;Female;;0263726372;DavidJones@gmail.com;null
6;Jessica Davis;Female;;0263726373;JessicaDavis@gmail.com;null
7;Christopher Wilson;Female;;0263726374;ChristopherWilson@gmail.com;null
8;Jennifer Taylor;Female;;0263726375;JenniferTaylor@gmail.com;null
9;Matthew Martinez;Male;;0263726376;MatthewMartinez@gmail.com;null
10;Ashley Anderson;Female;;0263726377;AshleyAnderson@gmail.com;null
11;Daniel Garcia;Female;;0263726378;DanielGarcia@gmail.com;null
12;Amanda Thomas;Female;;0263726379;AmandaThomas@gmail.com;null
13;James Rodriguez;Female;;0263726380;JamesRodriguez@gmail.com;null
14;Elizabeth Martinez;Male;;0263726381;ElizabethMartinez@gmail.com;null
15;Robert Hernandez;Female;;0263726382;RobertHernandez@gmail.com;null
16;Samantha Lopez;Male;;0263726383;SamanthaLopez@gmail.com;null
17;William Gonzalez;Male;;0263726384;WilliamGonzalez@gmail.com;null
18;Olivia Perez;Female;;0263726385;OliviaPerez@gmail.com;null
19;Joseph Sanchez;Female;;0263726386;JosephSanchez@gmail.com;null
20;Lauren Lee;Male;;0263726387;LaurenLee@gmail.com;null
21;Benjamin Ramirez;Male;;0263726388;BenjaminRamirez@gmail.com;null
22;Emma Scott;Female;;0263726389;EmmaScott@gmail.com;null
23;Andrew Torres;Male;;0263726390;AndrewTorres@gmail.com;null
24;Megan Walker;Male;;0263726391;MeganWalker@gmail.com;null
25;Joshua King;Female;;0263726392;JoshuaKing@gmail.com;null
26;Natalie Hill;Male;;0263726393;NatalieHill@gmail.com;null
27;Nicholas Moore;Female;;0263726394;NicholasMoore@gmail.com;null
28;Chloe Lewis;Male;;0263726395;ChloeLewis@gmail.com;null
29;Jonathan Clark;Female;;0263726396;JonathanClark@gmail.com;null
30;Sophia Adams;Male;;0263726397;SophiaAdams@gmail.com;null
31;Samuel Baker;Female;;0263726398;SamuelBaker@gmail.com;null
32;Alyssa Mitchell;Male;;0263726399;AlyssaMitchell@gmail.com;null
33;Tyler Nelson;Female;;0263726400;TylerNelson@gmail.com;null
34;Hannah Green;Male;;0263726401;HannahGreen@gmail.com;null
35;Christian Carter;Female;;0263726402;ChristianCarter@gmail.com;null
36;Victoria Hall;Male;;0263726403;VictoriaHall@gmail.com;null
37;Brandon Ward;Male;;0263726404;BrandonWard@gmail.com;null
38;Isabella Allen;Female;;0263726405;IsabellaAllen@gmail.com;null
39;Christopher Lewis;Male;;0263726406;ChristopherLewis@gmail.com;null
40;Madison Wright;Male;;0263726407;MadisonWright@gmail.com;null
41;Zachary White;Female;;0263726408;ZacharyWhite@gmail.com;null
42;Kayla Turner;Male;;0263726409;KaylaTurner@gmail.com;null
43;Ryan Hughes;Female;;0263726410;RyanHughes@gmail.com;null
44;Maria Garcia;Female;;0263726411;MariaGarcia@gmail.com;null
45;Daniel Young;Female;;0263726412;DanielYoung@gmail.com;null
46;Taylor Harris;Male;;0263726413;TaylorHarris@gmail.com;null
47;Jacob Martinez;Female;;0263726414;JacobMartinez@gmail.com;null
48;Alexis Carter;Female;;0263726415;AlexisCarter@gmail.com;null
49;Kevin Robinson;Male;;0263726416;KevinRobinson@gmail.com;null
50;Jasmine Lewis;Female;;0263726368;JasmineLewis@gmail.com;null
51;Alexander Thompson;Female;;0263726369;AlexanderThompson@gmail.com;null
52;Stephanie Stewart;Female;;0263726370;StephanieStewart@gmail.com;null
53;Matthew Clark;Female;;0263726371;MatthewClark@gmail.com;null
54;Amanda Johnson;Female;;0263726372;AmandaJohnson@gmail.com;null
55;Justin Scott;Female;;0263726373;JustinScott@gmail.com;null
56;Nicole Martinez;Female;;0263726374;NicoleMartinez@gmail.com;null
57;Kyle Jackson;Male;;0263726375;KyleJackson@gmail.com;null
58;Rachel White;Female;;0263726376;RachelWhite@gmail.com;null
59;Brandon Adams;Female;;0263726377;BrandonAdams@gmail.com;null
60;Kaitlyn Martinez;Female;;0263726378;KaitlynMartinez@gmail.com;null
61;Joshua Edwards;Male;;0263726379;JoshuaEdwards@gmail.com;null
62;Hailey Rodriguez;Female;;0263726380;HaileyRodriguez@gmail.com;null
63;Anthony King;Female;;0263726381;AnthonyKing@gmail.com;null
64;Alexis Taylor;Male;;0263726382;AlexisTaylor@gmail.com;null
65;David Hill;Female;;0263726383;DavidHill@gmail.com;null
66;Jessica Anderson;Male;;0263726384;JessicaAnderson@gmail.com;null
67;James Carter;Female;;0263726385;JamesCarter@gmail.com;null
68;Brianna Hernandez;Female;;0263726386;BriannaHernandez@gmail.com;null
69;Christopher Scott;Female;;0263726387;ChristopherScott@gmail.com;null
70;Kimberly Martinez;Female;;0263726388;KimberlyMartinez@gmail.com;null
71;Jacob Perez;Male;;0263726389;JacobPerez@gmail.com;null
72;Michelle Davis;Female;;0263726390;MichelleDavis@gmail.com;null
73;William Martinez;Male;;0263726391;WilliamMartinez@gmail.com;null
74;Jasmine Martinez;Female;;0263726392;JasmineMartinez@gmail.com;null
75;Joseph White;Male;;0263726393;JosephWhite@gmail.com;null
76;Sarah Thomas;Male;;0263726394;SarahThomas@gmail.com;null
77;Daniel Martinez;Female;;0263726395;DanielMartinez@gmail.com;null
78;Lauren Garcia;Female;;0263726396;LaurenGarcia@gmail.com;null
79;Matthew Mitchell;Female;;0263726397;MatthewMitchell@gmail.com;null
80;Ashley Lopez;Female;;0263726398;AshleyLopez@gmail.com;null
81;Michael Rodriguez;Male;;0263726399;MichaelRodriguez@gmail.com;null
82;Emily Martinez;Male;;0263726400;EmilyMartinez@gmail.com;null
83;Nicholas Young;Male;;0263726401;NicholasYoung@gmail.com;null
84;Samantha Turner;Female;;0263726402;SamanthaTurner@gmail.com;null
85;Benjamin Johnson;Male;;0263726403;BenjaminJohnson@gmail.com;null
86;Amanda Smith;Male;;0263726404;AmandaSmith@gmail.com;null
87;Tyler Lee;Female;;0263726405;TylerLee@gmail.com;null
88;Victoria Brown;Male;;0263726406;VictoriaBrown@gmail.com;null
89;Megan Martinez;Male;;0263726407;MeganMartinez@gmail.com;null
90;Andrew Hall;Male;;0263726408;AndrewHall@gmail.com;null
91;Taylor Allen;Female;;0263726409;TaylorAllen@gmail.com;null
92;Jonathan Gonzalez;Female;;0263726410;JonathanGonzalez@gmail.com;null
93;Alyssa Taylor;Female;;0263726411;AlyssaTaylor@gmail.com;null
94;Zachary Thomas;Female;;0263726412;ZacharyThomas@gmail.com;null
95;Hannah Martinez;Female;;0263726413;HannahMartinez@gmail.com;null
96;Samuel Harris;Female;;0263726414;SamuelHarris@gmail.com;null
97;Natalie Hernandez;Male;;0263726415;NatalieHernandez@gmail.com;null
98;Brandon Lewis;Male;;0263726416;BrandonLewis@gmail.com;null
99;Isabella Davis;Female;;0263726368;IsabellaDavis@gmail.com;null
100;Christian Garcia;Female;;0263726369;ChristianGarcia@gmail.com;null
